model_name,spec,term,estimate,std_error,statistic,p_value,ci_lower,ci_upper,odds_ratio
Linear,additive,const,3.9400402939158865,0.0021395747246572617,1841.5062809021738,0.0,3.9358467887564914,3.9442337990752816,
Linear,additive,smell/fragrance_centered,0.9919799281440375,0.007246939843257118,136.88259452947173,0.0,0.977776133683252,1.006183722604823,
Linear,additive,price/value_centered,0.9738412960387594,0.008247220480547988,118.08115210884387,0.0,0.9576769801879139,0.9900056118896048,
Linear,additive,texture/consistency_centered,0.6790029692635386,0.014839303205178081,45.757065535705536,0.0,0.6499183601421122,0.708087578384965,
Linear,additive,packaging_centered,1.107022301406744,0.00601675303446673,183.98998514069146,0.0,1.095229637845118,1.1188149649683699,
Linear,additive,ingredients_centered,1.224358208288493,0.00493596413463292,248.04844097181564,0.0,1.2146838600048697,1.2340325565721162,
Linear,additive,effectiveness/results_centered,0.82485114255971,0.013346158850540394,61.8043852015377,0.0,0.79869305359331,0.8510092315261101,
Linear,additive,service/shipping_centered,0.6933420349986212,0.014515304683577347,47.766274984435576,0.0,0.664892453696654,0.7217916163005885,
Linear,interaction,const,3.9677118794734563,0.0021525782390910803,1843.2370110499726,0.0,3.963492887797793,3.9719308711491195,
Linear,interaction,smell/fragrance_centered,0.965119224412352,0.007209282091824187,133.87175201631553,0.0,0.9509892380636301,0.9792492107610739,
Linear,interaction,price/value_centered,0.9842834530675213,0.008193656282941476,120.12750096885551,0.0,0.9682241215072568,1.000342784627786,
Linear,interaction,texture/consistency_centered,0.6880114367156013,0.014731361028442838,46.703860925491604,0.0,0.6591383911642209,0.7168844822669816,
Linear,interaction,packaging_centered,1.0253812989280011,0.006220103287429182,164.84956142131833,0.0,1.0131900746951905,1.0375725231608117,
Linear,interaction,ingredients_centered,1.1680281225653153,0.004977033700077999,234.68358724334342,0.0,1.1582732791088517,1.177782966021779,
Linear,interaction,effectiveness/results_centered,0.845471750468716,0.01324669630152181,63.825102593435794,0.0,0.8195086052453605,0.8714348956920716,
Linear,interaction,service/shipping_centered,0.7160620177642064,0.01446342193845578,49.50847875497009,0.0,0.6877141251525479,0.7444099103758649,
Linear,interaction,int_smell_fragrance_texture_consistency,-0.6041362718195317,0.04921905397506274,-12.274438922081325,1.264872741310273e-34,-0.7006042074484266,-0.5076683361906368,
Linear,interaction,int_smell_fragrance_packaging,-0.44236836448149264,0.02969172475793523,-14.898708919335107,3.492215400665933e-50,-0.500563294317214,-0.38417343464577125,
Linear,interaction,int_smell_fragrance_ingredients,-0.6681324624227105,0.020105790701210064,-33.23084738878233,9.942408863655804e-242,-0.7075392361513373,-0.6287256886940837,
Linear,interaction,int_price_value_packaging,-0.7533762881235307,0.026316732974511425,-28.62727257419069,5.1821698214012404e-180,-0.8049563307597474,-0.7017962454873141,
Linear,interaction,int_price_value_service_shipping,-0.6532318125908119,0.05049490018237376,-12.936589838409768,2.8599510555155157e-38,-0.7522003702321007,-0.554263254949523,
Linear,interaction,int_texture_consistency_packaging,-0.4153723580014926,0.05180647928566076,-8.017768505578823,1.0804009629123323e-15,-0.5169115731075146,-0.3138331428954706,
Linear,interaction,int_texture_consistency_ingredients,-0.6267114205905501,0.04124034321320247,-15.196561710231304,3.885553493952229e-52,-0.7075413117221517,-0.5458815294589484,
Linear,interaction,int_packaging_ingredients,-0.4963919818584333,0.017804386276822074,-27.880319722373205,7.391553761593712e-171,-0.5312880688521953,-0.4614958948646714,
Linear,interaction,int_packaging_service_shipping,-0.36871467192599483,0.03986354706042356,-9.249419560359543,2.2703062369144536e-20,-0.4468460820443759,-0.29058326180761374,
Linear,interaction,int_ingredients_effectiveness_results,-0.8479949936557246,0.03460872134013671,-24.5023497205105,1.8455359971360062e-132,-0.9158270959169793,-0.7801628913944699,
Linear,interaction,int_ingredients_service_shipping,-0.5330408068282604,0.037644389295461246,-14.159900500564866,1.6741483088058542e-45,-0.6068227313078234,-0.45925888234869733,
Ordinal,additive,smell/fragrance_centered,1.66172104642962,0.013834188470798925,120.11698770312152,0.0,1.634606535271515,1.688835557587725,5.268370156109851
Ordinal,additive,price/value_centered,1.55618106519219,0.015644062899228428,99.4742270736422,0.0,1.525519265337823,1.586842865046557,4.740682274858427
Ordinal,additive,texture/consistency_centered,1.1062041889683445,0.027264987856052633,40.57233382272624,0.0,1.0527657947315594,1.1596425832051296,3.0228623755288306
Ordinal,additive,packaging_centered,1.7341658075641762,0.011149614353662596,155.53594524051954,0.0,1.7123129649894866,1.7560186501388657,5.664200799001757
Ordinal,additive,ingredients_centered,1.9610707837225865,0.009641708458830611,203.39453242091017,0.0,1.9421733823938432,1.9799681850513298,7.106932980437728
Ordinal,additive,effectiveness/results_centered,1.3619524319156024,0.024966198875197694,54.55185383741432,0.0,1.3130195812893506,1.4108852825418543,3.90380778490806
Ordinal,additive,service/shipping_centered,1.3568398457254067,0.02877080136375341,47.1603077220785,0.0,1.3004501112460942,1.4132295802047192,3.883900164214069
Ordinal,additive,1/2,-2.38286138551575,0.006274715727851931,-379.75607005410785,0.0,-2.395159602355567,-2.3705631686759334,0.0922861331474445
Ordinal,additive,2/3,-0.5395473704737416,0.006735995645804053,-80.09912696571193,0.0,-0.5527496793395361,-0.526345061607947,0.5830120811432308
Ordinal,additive,3/4,-0.44531480331527407,0.005811845748211486,-76.62192401653355,0.0,-0.4567058116654708,-0.4339237949650773,0.640622574175588
Ordinal,additive,4/5,-0.257429947397113,0.004725246066937797,-54.479691374874974,0.0,-0.2666912595064006,-0.24816863528782537,0.773035777585087
Ordinal,interaction,smell/fragrance_centered,1.6537805744697374,0.014820737859141304,111.5855762504901,0.0,1.6247324620415111,1.6828286868979636,5.226702460129353
Ordinal,interaction,price/value_centered,1.5361564370826377,0.015753479221168005,97.5122013058867,0.0,1.5052801851779483,1.5670326889873272,4.646696035636836
Ordinal,interaction,texture/consistency_centered,1.0093691826027902,0.028619325420208206,35.26879714257944,1.7674309272008647e-272,0.9532763355173505,1.06546202968823,2.7438695882953117
Ordinal,interaction,packaging_centered,1.7470626681507724,0.013108620037359476,133.27586452057164,0.0,1.7213702449905277,1.772755091311017,5.737724299118282
Ordinal,interaction,ingredients_centered,1.9529235814182382,0.010464600451923156,186.6218964011507,0.0,1.9324133414198672,1.9734338214166092,7.0492665885391705
Ordinal,interaction,effectiveness/results_centered,1.3175063831970877,0.025500636340192145,51.66562769731888,0.0,1.2675260543874578,1.3674867120067176,3.7340983476767358
Ordinal,interaction,service/shipping_centered,1.3343731959875331,0.0303577277850523,43.954975992786885,0.0,1.2748731428763598,1.3938732490987065,3.7976148400341723
Ordinal,interaction,int_smell_fragrance_texture_consistency,-0.7693879825091345,0.10815374186253214,-7.113836001042464,1.1286125137431067e-12,-0.9813654213529395,-0.5574105436653296,0.4632965271395664
Ordinal,interaction,int_smell_fragrance_packaging,0.13098254216016983,0.06553081739052084,1.9987930469354516,0.04563075041742386,0.0025445001972779213,0.25942058412306174,1.1399478801107692
Ordinal,interaction,int_smell_fragrance_ingredients,-0.09980710829183562,0.04653635984668817,-2.144712405969126,0.03197584837533665,-0.19101669756294035,-0.008597519020730887,0.9050119705054563
Ordinal,interaction,int_price_value_packaging,-0.42857340582472947,0.05944248607077431,-7.209883606053335,5.599972335294344e-13,-0.5450785376749709,-0.312068273974488,0.6514377694723021
Ordinal,interaction,int_price_value_service_shipping,-0.5620689014522092,0.12226409303551516,-4.597170661454463,4.2826681841783134e-06,-0.8017021204042734,-0.32243568250014504,0.5700285102327471
Ordinal,interaction,int_texture_consistency_packaging,-0.21187348695894836,0.11179728389704677,-1.895157731685691,0.058071508087290565,-0.4309921369665598,0.007245163048663045,0.8090670486247277
Ordinal,interaction,int_texture_consistency_ingredients,-0.630364909362251,0.090232187989641,-6.986031519424302,2.8277057376612815e-12,-0.807216748068195,-0.45351307065630697,0.5323974887277928
Ordinal,interaction,int_packaging_ingredients,0.21048652796447487,0.03930354402578776,5.355408352650613,8.536340663709485e-08,0.13345299720914644,0.2875200587198033,1.2342784248673877
Ordinal,interaction,int_packaging_service_shipping,0.07385357623503967,0.09559284116069038,0.7725848017310494,0.4397681419448951,-0.11350494961977152,0.26121210208985085,1.0766491469323862
Ordinal,interaction,int_ingredients_effectiveness_results,-0.5608494317646421,0.07886589246856918,-7.111432004502583,1.1484503900089228e-12,-0.7154237406116464,-0.4062751229176378,0.5707240667408667
Ordinal,interaction,int_ingredients_service_shipping,-0.11889374288292726,0.09260781307534907,-1.2838413837306686,0.19919746026806495,-0.300401721197629,0.06261423543177444,0.8879021416714815
Ordinal,interaction,1/2,-2.3864748069006985,0.006283131801194519,-379.82249655291224,0.0,-2.398789518941158,-2.374160094860239,0.09195326621681978
Ordinal,interaction,2/3,-0.5378335136234105,0.00674018889046752,-79.79502093540063,0.0,-0.5510440410977238,-0.5246229861490972,0.5840121371239314
Ordinal,interaction,3/4,-0.44356148132554735,0.005814401229379793,-76.28669983837027,0.0,-0.45495749832679716,-0.43216546432429753,0.6417467770788448
Ordinal,interaction,4/5,-0.2563479071863513,0.004725916241026168,-54.24300688212978,0.0,-0.2656105328127155,-0.2470852815599871,0.7738726860834603
Binary,additive,const,0.4170367294160091,0.004187924541559071,99.58076495350502,0.0,0.4088285481445819,0.4252449106874363,1.5174582472667741
Binary,additive,smell/fragrance_centered,1.7325648882145728,0.016088316453748436,107.69087574796556,0.0,1.7010323673933427,1.7640974090358028,5.6551401249819415
Binary,additive,price/value_centered,1.4571632742861722,0.017214121730752183,84.64929533308816,0.0,1.4234242156684096,1.4909023329039348,4.293762010913583
Binary,additive,texture/consistency_centered,1.0867499015116644,0.031042393683079705,35.00857287638935,1.6661555539593888e-268,1.0259079278989145,1.1475918751244143,2.9646230807283156
Binary,additive,packaging_centered,1.717376841686453,0.013237787961585878,129.73291660736894,0.0,1.6914312540467669,1.7433224293261391,5.56989855867598
Binary,additive,ingredients_centered,1.8233111826313075,0.011034640882887824,165.23520810349538,0.0,1.8016836839185142,1.8449386813441009,6.192328471673348
Binary,additive,effectiveness/results_centered,1.3321601932865477,0.028563282865234307,46.63890350320976,0.0,1.2761771875904584,1.388143198982637,3.7892200004632572
Binary,additive,service/shipping_centered,1.414835260370416,0.03272964863804819,43.22793916967599,0.0,1.350686327813191,1.4789841929276408,4.115808373373563
Binary,interaction,const,0.4139705369173115,0.004198200411108236,98.606663898647,0.0,0.4057422153116581,0.4221988585229649,1.5128125541063981
Binary,interaction,smell/fragrance_centered,1.6910635607894084,0.0163894619125396,103.17993170328388,0.0,1.6589408057148398,1.723186315863977,5.425247718549192
Binary,interaction,price/value_centered,1.4535049303676326,0.017176855219786735,84.6199674951722,0.0,1.4198389127691917,1.4871709479660735,4.278082650506726
Binary,interaction,texture/consistency_centered,1.0107902500499613,0.030677618457301593,32.94878484315274,4.403395990957395e-238,0.950663222742189,1.0709172773577336,2.747771583889328
Binary,interaction,packaging_centered,1.6383432151017128,0.014370971855559241,114.00364787910561,0.0,1.610176627841978,1.6665098023614475,5.146635576638602
Binary,interaction,ingredients_centered,1.7666283565900207,0.011379736252000238,155.2433481293995,0.0,1.7443244833825353,1.788932229797506,5.851092269733261
Binary,interaction,effectiveness/results_centered,1.3122802828714397,0.028413355675666108,46.185332624942596,0.0,1.2565911290672074,1.367969436675672,3.714634479449926
Binary,interaction,service/shipping_centered,1.3920864085586837,0.03283880102980754,42.39151141039215,0.0,1.327723541244784,1.4564492758725833,4.023235415110384
Binary,interaction,int_smell_fragrance_texture_consistency,-1.1749389065542086,0.11596010975092134,-10.13226797627167,3.973250147766386e-24,-1.4022165453093265,-0.9476612677990909,0.3088378470799459
Binary,interaction,int_smell_fragrance_packaging,-0.35756689210650083,0.07969903670974769,-4.486464414980415,7.241480535290688e-06,-0.513774133660142,-0.2013596505528597,0.6993759146498297
Binary,interaction,int_smell_fragrance_ingredients,-0.6572520232912933,0.05423700906545067,-12.118146531608195,8.465191227537093e-34,-0.763554607688749,-0.5509494388938375,0.5182735831788852
Binary,interaction,int_price_value_packaging,-0.7277142785075993,0.0674792418338821,-10.784268742957417,4.0847909167031875e-27,-0.8599711622060767,-0.5954573948091219,0.4830117596581637
Binary,interaction,int_price_value_service_shipping,-0.8423051117361144,0.12967850186561383,-6.495333456342651,8.284969496269902e-11,-1.0964703049618278,-0.5881399185104011,0.4307165285097323
Binary,interaction,int_texture_consistency_packaging,-0.7510399239873748,0.12984486997490705,-5.7841324353631824,7.2887504872676214e-09,-1.0055311927154789,-0.49654865525927083,0.4718755827619612
Binary,interaction,int_texture_consistency_ingredients,-1.1363657271827805,0.09997746931097987,-11.366218159094581,6.1599093516352284e-30,-1.3323179662977596,-0.9404134880678015,0.3209834460297172
Binary,interaction,int_packaging_ingredients,-0.399189329592265,0.05049681393786562,-7.905237943990923,2.674222864232794e-15,-0.49816126624450185,-0.30021739294002814,0.6708636749828499
Binary,interaction,int_packaging_service_shipping,-0.8172001949726782,0.10961725231163391,-7.455032649873737,8.98455784042734e-14,-1.0320460615877205,-0.6023543283576357,0.4416665051303132
Binary,interaction,int_ingredients_effectiveness_results,-0.9852379570441806,0.08896460133802701,-11.074494149652876,1.6681955044699102e-28,-1.1596053715656773,-0.8108705425226838,0.3733503750139277
Binary,interaction,int_ingredients_service_shipping,-0.47638986162274743,0.10705762648889103,-4.449845165138054,8.593221927371347e-06,-0.6862189538113151,-0.2665607694341797,0.62102132266555
Binary_45,additive,const,1.264189590369599,0.005238232194924856,241.33897531202015,0.0,1.2539228439248882,1.2744563368143098,3.5402225428074683
Binary_45,additive,smell/fragrance_centered,1.9361726645816113,0.01880302179420658,102.9713567198102,0.0,1.8993194190644447,1.973025910098778,6.93216839923767
Binary_45,additive,price/value_centered,1.9576874263059172,0.021586960105055675,90.68842564115482,0.0,1.915377761964305,1.9999970906475293,7.082928317105112
Binary_45,additive,texture/consistency_centered,1.4927695705090194,0.03779768597672376,39.49367618505227,0.0,1.4186874672956862,1.5668516737223526,4.44940140103674
Binary_45,additive,packaging_centered,1.9699625646993981,0.014673115085491586,134.25660149338353,0.0,1.9412037875908232,1.998721341807973,7.17040805694119
Binary_45,additive,ingredients_centered,2.25124328604452,0.01302320480323094,172.8640008399474,0.0,2.2257182736668986,2.276768298422142,9.499539141840033
Binary_45,additive,effectiveness/results_centered,1.9643354780478046,0.036134264551877994,54.36212698414289,0.0,1.8935136209182815,2.035157335177328,7.130172859117366
Binary_45,additive,service/shipping_centered,1.4897413257012972,0.03777503290715562,39.43719465083774,0.0,1.4157036216884569,1.5637790297141376,4.435947904867549
Binary_45,interaction,const,1.2714036447492478,0.0053318526307919575,238.45438589333293,0.0,1.2609534056220204,1.2818538838764753,3.5658542438282845
Binary_45,interaction,smell/fragrance_centered,1.9810277650146295,0.02063982865763803,95.98082415677057,0.0,1.9405744441985813,2.0214810858306778,7.250190649579998
Binary_45,interaction,price/value_centered,1.951095156430251,0.022089692027900665,88.3260461017698,0.0,1.907800155625984,1.994390157234518,7.036389309518615
Binary_45,interaction,texture/consistency_centered,1.4538638841871079,0.042726445518024604,34.02726031992949,8.80725699992135e-254,1.3701215897843668,1.537606178589849,4.279618560258001
Binary_45,interaction,packaging_centered,2.054683966200274,0.0178274294603863,115.25407915739699,0.0,2.0197428465209883,2.0896250858795593,7.804371037821285
Binary_45,interaction,ingredients_centered,2.296624635644933,0.014500064840202252,158.38719764048304,0.0,2.268205030784641,2.325044240505225,9.940572709364078
Binary_45,interaction,effectiveness/results_centered,1.9467240186550923,0.038121878578991734,51.065794531119884,0.0,1.8720065096172596,2.021441527692925,7.005699406170563
Binary_45,interaction,service/shipping_centered,1.5321754566677706,0.042024358870737806,36.45922264705024,4.9138972611941756e-291,1.449809226807738,1.614541686527803,4.628234401808447
Binary_45,interaction,int_smell_fragrance_texture_consistency,-0.4606905882006191,0.17193116234351247,-2.679506041378208,0.007373087275377707,-0.7976694742140127,-0.12371170218722549,0.6308478389688417
Binary_45,interaction,int_smell_fragrance_packaging,0.43336529722678047,0.09047898437253447,4.789679064504746,1.6704827162374108e-06,0.2560297464988505,0.6107008479547105,1.5424395666961936
Binary_45,interaction,int_smell_fragrance_ingredients,0.27233925977669915,0.06671036520584198,4.082412964407663,4.4570506152882995e-05,0.14158934657773492,0.4030891729756634,1.313032384830156
Binary_45,interaction,int_price_value_packaging,0.04067737884521844,0.08782985650209439,0.4631383958170129,0.6432651698901959,-0.13146597666620766,0.21282073435664453,1.0415160362305271
Binary_45,interaction,int_price_value_service_shipping,-0.6533101907159542,0.1818949818362446,-3.5916889191814683,0.0003285418818959178,-1.009817804083561,-0.2968025773483475,0.5203205626466669
Binary_45,interaction,int_texture_consistency_packaging,-0.01586867055539847,0.16468131732475497,-0.09635987137572578,0.9232347617703991,-0.3386381214385303,0.3069007803277333,0.9842565734368468
Binary_45,interaction,int_texture_consistency_ingredients,-0.12423917657336625,0.14051922523143526,-0.8841436206949209,0.3766186884205571,-0.3996517971624514,0.15117344401571892,0.8831685823844767
Binary_45,interaction,int_packaging_ingredients,0.45034098376504506,0.05627775819931044,8.002113058059996,1.2230201013581395e-15,0.34003860456374285,0.5606433629663472,1.5688470456680796
Binary_45,interaction,int_packaging_service_shipping,0.4292990715917217,0.1348759334950311,3.1829182602657373,0.001457987675852239,0.16494709956024123,0.6936510436232022,1.53618039361877
Binary_45,interaction,int_ingredients_effectiveness_results,-0.18170963438874263,0.12566220712898268,-1.4460165752319751,0.14817255283387798,-0.4280030345793611,0.06458376580187586,0.8338434247232681
Binary_45,interaction,int_ingredients_service_shipping,0.4554474085072061,0.13260585278305093,3.4345950721521947,0.0005934398631601664,0.1955447129132058,0.7153501041012065,1.5768787341926809
